NAME	{Only morphologically complex}	{Both patterns}	{Only morpheme-internal}
Complex	0	35.2941176470588	64.7058823529412
{Highly Complex}	26.3157894736842	21.0526315789474	52.6315789473684
