NAME	{Only flaps/taps}	{Flaps/taps and coronal trills}	{Coronal trills}	{Neither}
Simple	58.3333333333333	4.16666666666667	16.6666666666667	20.8333333333333
{Moderately Complex}	42.3076923076923	7.69230769230769	26.9230769230769	23.0769230769231
Complex	32	8	28	32
{Highly Complex}	40	4	24	32
