NAME	Palato-alveolar Palatal Uvular
{Simple}	0.416666666666667	0.416666666666667	0.0416666666666667
{Moderately Complex}	0.346153846153846	0.384615384615385	0.115384615384615
{Complex}	0.48	0.32	0.24
{Highly Complex}	0.84	0.16	0.48
