NAME	None	{1 place represented}	{2 places represented}	{3 or more places represented}
Simple	16.6666666666667	79.1666666666667	4.16666666666667	0
{Moderately Complex}	23.0769230769231	76.9230769230769	0	0
Complex	20	60	20	0
{Highly Complex}	16	36	20	28
