NAME	Affricate	Flap/Tap	Ejective	Prenasalization
S	58.3333333333333	79.1666666666667	8.33333333333333	29.1666666666667
MC	65.3846153846154	76.9230769230769	7.69230769230769	11.5384615384615
C	44	68	20	16
HC	84	68	40	4
