NAME	{Vowel reduction}	{Unstressed C processes}	{Stressed C processes}
S	   38.8888888888889	38.8888888888889	22.2222222222222
MC	   63.1578947368421	21.0526315789474	21.0526315789474
C	   71.4285714285714	38.0952380952381	19.047619047619
HC	   71.4285714285714	14.2857142857143	14.2857142857143
