NAME	{Reduction in duration}	{Reduction in quality}	Devoicing	Deletion
S	28.5714285714286	14.2857142857143	28.5714285714286	28.5714285714286
MC	15.3846153846154	46.1538461538462	23.0769230769231	69.2307692307692
C	26.6666666666667	73.3333333333333	26.6666666666667	46.6666666666667
HC	21.4285714285714	64.2857142857143	35.7142857142857	64.2857142857143
