NAME	{Stress-conditioned vowel reduction processes}
S	62.5
MC	63.6363636363636
C	81.3953488372093
HC	78.4313725490196
