NAME	Palatalization	Labialization	Velarization
S	29.1666666666667	12.5	0
MC	23.0769230769231	15.3846153846154	0
C	28	4	8
HC	12	12	4
