NAME	Affricate	Palato-alveolar	Uvular
S	50	33.3333333333333	4.16666666666667
MC	15.3846153846154	26.9230769230769	7.69230769230769
C	28	28	16
HC	36	20	0
