NAME	Flap/tap	Prenasalization
S	29.1666666666667	0
MC	15.3846153846154	3.84615384615385
C	36	4
HC	12	0
