NAME	{Glide strengthening}	{Other increased constriction}
S	20.8333333333333	33.3333333333333
MC	23.0769230769231	26.9230769230769
C	20	36
HC	28	12
