NAME	Lenition/sonorization	{S-associated articulations}
S	27.536231884058	11.5942028985507
MC	36.3636363636364	6.49350649350649
C	45.2380952380952	13.0952380952381
HC	44.8275862068966	5.17241379310345
