NAME	{HC-associated articulations}	Fortition	{Other assimilation}
S	62.5	50	29.1666666666667
MC	46.1538461538462	46.1538461538462	34.6153846153846
C	48	48	32
HC	44	36	28
