NAME	Lenition/sonorization	{S-associated articulations}
S	50	29.1666666666667
MC	50	19.2307692307692
C	76	36
HC	60	12
